character,voice-actor,movie
Roger Radcliffe,Ben Wright,101 Dalmatians
Cruella de Vil,Betty Lou Gerson,101 Dalmatians
Perdita,Cate Bauer,101 Dalmatians
Sgt. Tibbs,David Frankham,101 Dalmatians
Jasper,J. Pat O'Malley,101 Dalmatians
Horace,Frederick Worlock,101 Dalmatians
The Colonel,J. Pat O'Malley,101 Dalmatians
Anita Radcliffe,Lisa Davis,101 Dalmatians
Pongo,Rod Taylor,101 Dalmatians
Rolly,Barbara Beaird,101 Dalmatians
Duchess,Marjorie Bennett,101 Dalmatians
Nanny,Martha Wentworth,101 Dalmatians
Patch,Mickey Maga,101 Dalmatians
Lucky,Mimi Gibson,101 Dalmatians
Princess,Queenie Leonard,101 Dalmatians
Penny,Sandra Abbott,101 Dalmatians
The Captain,Thurl Ravenscroft,101 Dalmatians
Flik,Dave Foley,A Bug's Life
Dot,Hayden Panettiere,A Bug's Life
Princess Atta,Julia Louis-Dreyfus,A Bug's Life
Hopper,Kevin Spacey,A Bug's Life
Queen,Phyllis Diller,A Bug's Life
Roxanne,Kellie Martin,A Goofy Movie
"Robert ""Bobby"" Zimmeruski",Pauly Shore,A Goofy Movie
Powerline,Tevin Campbell,A Goofy Movie
Principal Mazur,Wallace Shawn,A Goofy Movie
Mechanicles,Charlie Adler,Aladdin
The Sultan,Douglas Seale,Aladdin
Abu,Frank Welker,Aladdin
Rajah,Frank Welker,Aladdin
Iago,Gilbert Gottfried,Aladdin
Haroud Hazi Bin,James Avery,Aladdin
Razoul,Jim Cummings,Aladdin
Mozenrath,Jonathan Brandis,Aladdin
Jafar,Jonathan Freeman,Aladdin
Sadira,Kellie Martin,Aladdin
Princess Jasmine,Linda Larkin,Aladdin
Genie,Robin Williams,Aladdin
Aladdin,Scott Weinger,Aladdin
The Dodo,Bill Thompson,Alice in Wonderland
White Rabbit,Bill Thompson,Alice in Wonderland
The King of Hearts,Dink Trout,Alice in Wonderland
The Rose,Doris Lloyd,Alice in Wonderland
Mad Hatter,Ed Wynn,Alice in Wonderland
Alice's Sister,Heather Angel,Alice in Wonderland
The Carpenter,J. Pat O'Malley,Alice in Wonderland
Tweedledum and Tweedledee,J. Pat O'Malley,Alice in Wonderland
The Walrus,J. Pat O'Malley,Alice in Wonderland
March Hare,Jerry Colonna,Alice in Wonderland
The Dormouse,Jimmy MacDonald,Alice in Wonderland
The Doorknob,Joseph Kearns,Alice in Wonderland
Alice,Kathryn Beaumont,Alice in Wonderland
Bill the Lizard,Larry Grey,Alice in Wonderland
The Caterpillar,Richard Haydn,Alice in Wonderland
Cheshire Cat,Sterling Holloway,Alice in Wonderland
The Queen of Hearts,Verna Felton,Alice in Wonderland
Helga Sinclair,Claudia Christian,Atlantis: The Lost Empire
"Gaetan ""Mole"" MoliŠre",Corey Burton,Atlantis: The Lost Empire
Princess Kidagakash,Cree Summer,Atlantis: The Lost Empire
Fenton Q. Harcourt,David Ogden Stiers,Atlantis: The Lost Empire
"Vincenzo ""Vinny"" Santorini",Don Novello,Atlantis: The Lost Empire
Wilhelmina Packard,Florence Stanley,Atlantis: The Lost Empire
Audrey Ramirez,Jacqueline Obradors,Atlantis: The Lost Empire
Commander Lyle Rourke,James Garner,Atlantis: The Lost Empire
Cookie,Jim Varney,Atlantis: The Lost Empire
Preston B. Whitmore,John Mahoney,Atlantis: The Lost Empire
King Kashekim Nedakh,Leonard Nimoy,Atlantis: The Lost Empire
Milo Thatch,Michael J. Fox,Atlantis: The Lost Empire
Dr. Joshua Sweet,Phil Morris,Atlantis: The Lost Empire
Bambi,Alexander Gould,Bambi
Faline,Ann Gillis,Bambi
Bambi,Donnie Dunagan,Bambi
Great Prince of the Forest,Fred Shields,Bambi
Bambi,Hardie Albright,Bambi
Thumper's Mother,Margaret Lee,Bambi
Mrs. Possum,Mary Lansing,Bambi
Bambi's Mother,Paula Winslowe,Bambi
Thumper,Sam Edwards,Bambi
Flower,Sterling Holloway,Bambi
Mrs. Quail,Thelma Boardman,Bambi
Friend Owl,Will Wright,Bambi
Baker,Alex Murphey,Beauty and the Beast
Bookseller,Alvin Epstein,Beauty and the Beast
Mrs. Potts,Angela Lansbury,Beauty and the Beast
Chip Potts,Bradley Michael Pierce,Beauty and the Beast
Chef Bouche,Brian Cummings,Beauty and the Beast
Cogsworth,David Ogden Stiers,Beauty and the Beast
Sultan the Footstool,Frank Welker,Beauty and the Beast
Philippe the Horse,Hal Smith,Beauty and the Beast
LumiÇùre,Jerry Orbach,Beauty and the Beast
Le Fou,Jesse Corti,Beauty and the Beast
Armoire,Jo Anne Worley,Beauty and the Beast
Bimbette,Kath Soucie,Beauty and the Beast
Fifi the Featherduster,Kimmy Robertson,Beauty and the Beast
Babette,Mary Kay Bergman,Beauty and the Beast
Belle,Paige O'Hara,Beauty and the Beast
Maurice,Rex Everhart,Beauty and the Beast
Gaston,Richard White,Beauty and the Beast
Beast,Robby Benson,Beauty and the Beast
Monsieur D'Arque,Tony Jay,Beauty and the Beast
Tadashi Hamada,Daniel Henney,Big Hero 6
Baymax,Scott Adsit,Big Hero 6
Hiro,Ryan Potter,Big Hero 6
Fred,T.J. Miller,Big Hero 6
Go Go,Jamie Chung,Big Hero 6
Wasabi,Damon Wayans Jr,Big Hero 6
Honey Lemon,Genesis Rodriguez,Big Hero 6
Robert Callaghan,James Cromwell,Big Hero 6
Alistair Krei,Alan Tudyk,Big Hero 6
Cass,Maya Rudolph,Big Hero 6
Veteran Cat,Diedrich Bader,Bolt
The Agent,Greg Germann,Bolt
Penny's Mom,Grey DeLisle,Bolt
The Director,James Lipton,Bolt
Bolt,John Travolta,Bolt
Mindy,Kari Wahlgren,Bolt
Dr. Calico,Malcolm McDowell,Bolt
Rhino,Mark Walton,Bolt
Penny,Miley Cyrus,Bolt
Blake,Nick Swardson,Bolt
Thug,Randy Savage,Bolt
Dr. Forrester,Ronn Moss,Bolt
Mittens,Susie Essman,Bolt
King Fergus,Billy Connolly,Brave
Queen Elinor,Emma Thompson,Brave
The Witch,Julie Walters,Brave
Merida,Kelly Mcdonald,Brave
Lord Dingwall,Robbie Coltrane,Brave
Lord MacGuffin,Kevin McKidd,Brave
Lord Macintosh,Craigh Ferguson,Brave
Sitka,D. B. Sweeney,Brother Bear
Denahi,Jason Raize,Brother Bear
Koda,Jeremy Suarez,Brother Bear
Tanana,Joan Copeland,Brother Bear
Kenai,Joaquin Phoenix,Brother Bear
Tug,Michael Clarke Duncan,Brother Bear
Tuke,Dave Thomas,Brother Bear
Rutt,Rick Moranis,Brother Bear
Sally Carrera,Bonnie Hunt,Cars
Mater,Larry the Cable Guy,Cars
Lightning McQueen,Owen Wilson,Cars
Doc Hudson,Paul Newman,Cars
Luigi,Tony Shalhoub,Cars
Holley Shiftwell,Emily Mortimer,Cars 2
Francesco Bernoulli,John Turturro,Cars 2
Mater,Larry the Cable Guy,Cars 2
Finn McMissile,Michael Caine,Cars 2
Lightning McQueen,Owen Wilson,Cars 2
Foxy Loxy,Amy Sedaris,Chicken Little
Tina,Catherine O'Hara,Chicken Little
Fish Out of Water,Dan Molina,Chicken Little
Turkey Lurkey,Don Knotts,Chicken Little
Melvin,Fred Willard,Chicken Little
Buck Cluck,Garry Marshall,Chicken Little
Abby Mallard,Joan Cusack,Chicken Little
Morcupine Porcupine,Mark Dindal,Chicken Little
Goosey Loosey,Mark Walton,Chicken Little
Mr. Woolensworth,Patrick Stewart,Chicken Little
Kirby,Sean Elmore,Chicken Little
Runt of the Litter,Steve Zahn,Chicken Little
Chicken Little,Zach Braff,Chicken Little
The Doorman,Don Barclay,Cinderella
Lady Tremaine,Eleanor Audley,Cinderella
Cinderella,Ilene Woods,Cinderella
Gus Lollygagger,Jimmy MacDonald,Cinderella
Bruno the Dog,Pinto Colvig,Cinderella
"Jackson ""Jaq"" Hopscotch",Jimmy MacDonald,Cinderella
Lucifer the Cat,June Foray,Cinderella
Footman,Larry Grey,Cinderella
Anastasia Tremaine,Lucille Bliss,Cinderella
The King,Luis Van Rooten,Cinderella
The Grand Duke,Luis Van Rooten,Cinderella
Drizella Tremaine,Rhoda Williams,Cinderella
Fairy Godmother,Verna Felton,Cinderella
Prince Charming,William Phipps,Cinderella
Plio,Alfre Woodard,Dinosaur
Aladar,D. B. Sweeney,Dinosaur
Eema,Della Reese,Dinosaur
Suri,Hayden Panettiere,Dinosaur
Baylene,Joan Plowright,Dinosaur
Neera,Julianna Margulies,Dinosaur
Zini,Max Casella,Dinosaur
Yar,Ossie Davis,Dinosaur
Bruton,Peter Siragusa,Dinosaur
Jim Crow,Cliff Edwards,Dumbo
Giddy the Elephant,Dorothy Scott,Dumbo
Timothy Q. Mouse,Edward Brophy,Dumbo
The Ringmaster,Herman Bing,Dumbo
Casey Junior,Margaret Wright,Dumbo
Catty the Elephant,Noreen Gammill,Dumbo
Prissy the Elephant,Sarah Selby,Dumbo
Mr. Stork,Sterling Holloway,Dumbo
Mrs. Jumbo,Verna Felton,Dumbo
Chernabog,Corey Burton,Fantasia
Yen Sid,Corey Burton,Fantasia
Ben Ali Gator,Jim Cummings,Fantasia
Hyacinth Hippo,Tress MacNeille,Fantasia
Madame Upanova,Tress MacNeille,Fantasia
Spring Sprite,Helena Bonham Carter,Fantasia 2000
Firebird !The Firebird,Hugo Weaving,Fantasia 2000
Jack-in-the-Box,John Lithgow,Fantasia 2000
Marlin,Albert Brooks,Finding Dory
Hank,Ed O'Neill,Finding Dory
Dory,Ellen DeGeneres,Finding Dory
Nemo,Hayden Rolence,Finding Dory
Destiny,Kaitlin Olson,Finding Dory
Marlin,Albert Brooks,Finding Nemo
Nemo,Alexander Gould,Finding Nemo
Bloat,Brad Garrett,Finding Nemo
Dory,Ellen DeGeneres,Finding Nemo
Gill,Willem Dafoe,Finding Nemo
Duke of Weselton,Alan Tudyk,Frozen
Oaken,Chris Williams,Frozen
Elsa,Idina Menzel,Frozen
Kristoff,Jonathan Groff,Frozen
Olaf,Josh Gad,Frozen
Anna,Kristen Bell,Frozen
Prince Hans,Santino Fontana,Frozen
Clotho,Amanda Plummer,Hercules
Alcmene,Barbara Barrie,Hercules
Pain,Bobcat Goldthwait,Hercules
Panic,Matt Frewer,Hercules
Lachesis,Carole Shelley,Hercules
Melpomene,Cheryl Freeman,Hercules
Philoctetes,Danny DeVito,Hercules
Pegasus,Frank Welker,Hercules
Amphitryon,Hal Holbrook,Hercules
Hades,James Woods,Hercules
Nessus,Jim Cummings,Hercules
Apollo,Keith David,Hercules
Terpsichore,LaChanze,Hercules
Calliope,Lillias White,Hercules
Atropos,Paddi Edwards,Hercules
Hermes,Paul Shaffer,Hercules
Zeus,Rip Torn,Hercules
Thalia,Roz Ryan,Hercules
Hera,Samantha Eggar,Hercules
Megara,Susan Egan,Hercules
Hercules,Tate Donovan,Hercules
Clio,Van‚ese Y. Thomas,Hercules
Demetrius,Wayne Knight,Hercules
Pearl Gesner,Carole Cook,Home on the Range
Rico,Charles Dennis,Home on the Range
Lucky Jack,Charles Haid,Home on the Range
Ollie the Pig,Charlie Dell,Home on the Range
Buck,Cuba Gooding Jr.,Home on the Range
Audrey the Chicken,Estelle Harris,Home on the Range
Rusty the Dog,G.W. Bailey,Home on the Range
Grace,Jennifer Tilly,Home on the Range
Jeb the Goat,Joe Flaherty,Home on the Range
Mrs. Calloway,Judi Dench,Home on the Range
Junior the Buffalo,Lance LeGault,Home on the Range
Larry the Duck,Marshall Efron,Home on the Range
Alameda Slim,Randy Quaid,Home on the Range
Sam the Sheriff,Richard Riehle,Home on the Range
Maggie,Roseanne Barr,Home on the Range
Wesley,Steve Buscemi,Home on the Range
Joy,Amy Poehler,Inside Out
Fear,Bill Hader,Inside Out
Anger,Lewis Black,Inside Out
Disgust,Mindy Kaling,Inside Out
Sadness,Phyllis Smith,Inside Out
Bing Bong,Richard Kind,Inside Out
Lady,Barbara Luddy,Lady and the Tramp
Trusty,Bill Baucom,Lady and the Tramp
Jock,Bill Thompson,Lady and the Tramp
Tramp,Larry Roberts,Lady and the Tramp
Jim Dear,Lee Millar,Lady and the Tramp
Darling,Peggy Lee,Lady and the Tramp
Peg,Peggy Lee,Lady and the Tramp
Si & Am,Peggy Lee,Lady and the Tramp
Beaver,Stan Freberg,Lady and the Tramp
Al the Alligator,Thurl Ravenscroft,Lady and the Tramp
Aunt Sarah,Verna Felton,Lady and the Tramp
Mrs. Hasagawa,Amy Hill,Lilo & Stitch
Stitch,Chris Sanders,Lilo & Stitch
Lilo Pelekai,Daveigh Chase,Lilo & Stitch
Dr. Jumba Jookiba,David Ogden Stiers,Lilo & Stitch
David Kawena,Jason Scott Lee,Lilo & Stitch
Agent Wendy Pleakley,Kevin McDonald,Lilo & Stitch
Captain Gantu,Kevin Michael Richardson,Lilo & Stitch
Myrtle Edmonds,Miranda Paige Walls,Lilo & Stitch
Nani Pelekai,Tia Carrere,Lilo & Stitch
Cobra Bubbles,Ving Rhames,Lilo & Stitch
Grand Councilwoman,Zoe Caldwell,Lilo & Stitch
Uncle Art,Adam West,Meet the Robinsons
Mildred,Angela Bassett,Meet the Robinsons
Frankie the Frog,Aurian Redson,Meet the Robinsons
Doris,Ethan Sandler,Meet the Robinsons
Carl the Robot,Harland Williams,Meet the Robinsons
Tiny,Joe Mateo,Meet the Robinsons
Lewis,Jordan Fry,Meet the Robinsons
Lucille Krunklehorn,Laurie Metcalf,Meet the Robinsons
Goob,Matthew Josten,Meet the Robinsons
Lefty,Nathan Greno,Meet the Robinsons
Franny Robinson,Nicole Sullivan,Meet the Robinsons
Bowler Hat Guy,Stephen J. Anderson,Meet the Robinsons
Mr. Willerstein,Tom Kenny,Meet the Robinsons
Cornelius Robinson,Tom Selleck,Meet the Robinsons
Lizzy,Tracey Miller-Zarneke,Meet the Robinsons
Wilbur Robinson,Wesley Singerman,Meet the Robinsons
Heihei the Rooster,Alan Tudyk,Moana
Moana Waialiki,Auli'i Cravalho,Moana
Maui,Dwayne Johnson,Moana
Tamatoa,Jemaine Clement,Moana
Gramma Tala,Rachel House,Moana
Tui Waialiki,Temuera Morrison,Moana
Mike,Billy Crystal,Monsters University
Dean Abigail Hardscrabble,Helen Mirren,Monsters University
Sulley,John Goodman,Monsters University
"Scott ""Squishy"" Squibbles",Peter Sohn,Monsters University
Randall Boggs,Steve Buscemi,Monsters University
Mike,Billy Crystal,"Monsters, Inc."
Henry J. Waternoose III,James Coburn,"Monsters, Inc."
Sulley,John Goodman,"Monsters, Inc."
Boo,Mary Gibbs,"Monsters, Inc."
Randall Boggs,Steve Buscemi,"Monsters, Inc."
Li Shang,B.D. Wong,Mulan
Mushu,Eddie Murphy,Mulan
Fa Li,Freda Foh Shen,Mulan
Ling,Gedde Watanabe,Mulan
First Ancestor Fa,George Takei,Mulan
Yao,Harvey Fierstein,Mulan
Chi-Fu,James Hong,Mulan
General Li,James Shigeta,Mulan
Chien-Po,Jerry Tondo,Mulan
Grandmother Fa,June Foray,Mulan
Shan Yu,Miguel Ferrer,Mulan
Mulan,Ming-Na Wen,Mulan
The Matchmaker,Miriam Margoyles,Mulan
Emperor of China,Pat Morita,Mulan
Fa Zhou,Soon-Tek Oh,Mulan
Georgette,Bette Midler,Oliver & Company
Dodger,Billy Joel,Oliver & Company
DeSoto,Carl Weintraub,Oliver & Company
Tito,Cheech Marin,Oliver & Company
Fagin,Dom DeLuise,Oliver & Company
Louie the Hot Dog Man,Frank Welker,Oliver & Company
Oliver,Joey Lawrence,Oliver & Company
"Jennifer ""Jenny"" Foxworth",Natalie Gregory,Oliver & Company
Einstein,Richard Mulligan,Oliver & Company
Sykes,Robert Loggia,Oliver & Company
Francis,Roscoe Lee Browne,Oliver & Company
Rita,Sheryl Lee Ralph,Oliver & Company
Roscoe,Taurean Blacque,Oliver & Company
Winston,William Glover,Oliver & Company
Mr. Smee,Bill Thompson,Peter Pan
Peter Pan,Bobby Driscoll,Peter Pan
The Indian Chief,Candy Candido,Peter Pan
Tiger Lily,Cree Summer,Peter Pan
Captain Hook,Hans Conried,Peter Pan
George Darling,Hans Conried,Peter Pan
Mary Darling,Heather Angel,Peter Pan
Nibs,Jeffrey Silver,Peter Pan
Wendy Darling,Kathryn Beaumont,Peter Pan
Tinker Bell,Mae Whitman,Peter Pan
John Darling,Paul Collins,Peter Pan
Cubby,Robert Ellis,Peter Pan
Slightly,Stuffy Singer,Peter Pan
Michael Darling,Tommy Luske,Peter Pan
The Coachman,Charles Judels,Pinocchio
Stromboli,Charles Judels,Pinocchio
Geppetto,Christian Rub,Pinocchio
Jiminy Cricket,Cliff Edwards,Pinocchio
Pinocchio,Dickie Jones,Pinocchio
Blue Fairy,Evelyn Venable,Pinocchio
Lampwick,Frankie Darro,Pinocchio
Figaro the Cat,Mel Blanc,Pinocchio
Gideon,Mel Blanc,Pinocchio
Monstro,Thurl Ravenscroft,Pinocchio
J. Worthington Foulfellow,Walter Catlett,Pinocchio
Ben,Billy Connolly,Pocahontas
Thomas,Christian Bale,Pocahontas
Percy,Danny Mann,Pocahontas
Governor John Ratcliffe,David Ogden Stiers,Pocahontas
Wiggins,David Ogden Stiers,Pocahontas
Flit,Frank Welker,Pocahontas
Kekata the Medicine man,Gordon Tootoosis,Pocahontas
Pocahontas,Irene Bedard,Pocahontas
Kocoum,James Apaumut Fall,Pocahontas
Meeko,John Kassir,Pocahontas
Grandmother Willow,Linda Hunt,Pocahontas
Captain John Smith,Mel Gibson,Pocahontas
Nakoma,Michelle St. John,Pocahontas
Chief Powhatan,Russell Means,Pocahontas
Lumpy the Heffalump,Kyle Stanger,Pooh's Heffalump Movie
Winnie the Pooh,Jim Cummings,Pooh's Heffalump Movie
Roo,Nikita Hopkins,Pooh's Heffalump Movie
Eeyore,Peter Cullen,Pooh's Heffalump Movie
Kanga,Kath Soucie,Pooh's Heffalump Movie
Piglet,John Fiedler,Pooh's Heffalump Movie
Rabbit,Ken Sansom,Pooh's Heffalump Movie
Mama Heffalump,Brenda Blethyn,Pooh's Heffalump Movie
Auguste Gusteau,Brad Garrett,Ratatouille
Chef Skinner,Ian Holm,Ratatouille
Colette Tatou,Janeane Garofalo,Ratatouille
Alfredo Linguini,Lou Romano,Ratatouille
Remy,Patton Oswalt,Ratatouille
Danny,Andrew McDonough,Return to Never Land
The Octopus,Frank Welker,Return to Never Land
Jane,Harriet Owen,Return to Never Land
Edward,Roger Rees,Return to Never Land
Friar Tuck,Andy Devine,Robin Hood
Mother Rabbit,Barbara Luddy,Robin Hood
Skippy Bunny,Billy Whittaker,Robin Hood
Robin Hood,Brian Bedford,Robin Hood
Lady Kluck,Carole Shelley,Robin Hood
Sis Bunny,Dana Laurita,Robin Hood
Tagalong Bunny,Dori Whittaker,Robin Hood
Trigger the Vulture,George Lindsey,Robin Hood
Otto,J. Pat O'Malley,Robin Hood
Nutsy the Vulture,Ken Curtis,Robin Hood
Maid Marian,Monica Evans,Robin Hood
Sheriff of Nottingham,Pat Buttram,Robin Hood
King Richard,Peter Ustinov,Robin Hood
Prince John,Peter Ustinov,Robin Hood
Little John,Phil Harris,Robin Hood
Toby Turtle,Richie Sanders,Robin Hood
Alan-a-Dale,Roger Miller,Robin Hood
Sir Hiss,Terry-Thomas,Robin Hood
Queen Leah,Barbara Dirikson,Sleeping Beauty
Fauna,Barbara Jo Allen,Sleeping Beauty
Merryweather,Barbara Luddy,Sleeping Beauty
Prince Phillip,Bill Shirley,Sleeping Beauty
King Hubert,Bill Thompson,Sleeping Beauty
Maleficent,Eleanor Audley,Sleeping Beauty
Aurora,Mary Costa,Sleeping Beauty
King Stefan,Taylor Holmes,Sleeping Beauty
Flora,Verna Felton,Sleeping Beauty
Snow White,Adriana Caselotti,Snow White and the Seven Dwarfs
Sneezy,Billy Gilbert,Snow White and the Seven Dwarfs
Dopey,Eddie Collins,Snow White and the Seven Dwarfs
Prince,Harry Stockwell,Snow White and the Seven Dwarfs
Queen Grimhilde,Lucille La Verne,Snow White and the Seven Dwarfs
The Magic Mirror,Moroni Olsen,Snow White and the Seven Dwarfs
Happy,Otis Harlan,Snow White and the Seven Dwarfs
Grumpy,Pinto Colvig,Snow White and the Seven Dwarfs
Sleepy,Pinto Colvig,Snow White and the Seven Dwarfs
Doc,Roy Atwell,Snow White and the Seven Dwarfs
Bashful,Scotty Mattraw,Snow White and the Seven Dwarfs
Humbert the Huntsman,Stuart Buchanan,Snow White and the Seven Dwarfs
Br'er Fox,James Baskett,Song of the South
Br'er Rabbit,Johnny Lee,Song of the South
Br'er Bear,Nick Stewart,Song of the South
Mickey Mouse,Walt Disney,Steamboat Willie
Hook Hand,Brad Garrett,Tangled
Mother Gothel,Donna Murphy,Tangled
Pascal,Frank Welker,Tangled
Rapunzel,Mandy Moore,Tangled
Stabbington Brothers,Ron Perlman,Tangled
Flynn Rider,Zachary Levi,Tangled
Tarzan,Alex D. Linz,Tarzan
Clayton,Brian Blessed,Tarzan
Kala,Glenn Close,Tarzan
Mungo,Jason Marsden,Tarzan
Kerchak,Lance Henriksen,Tarzan
Jane Porter,Minnie Driver,Tarzan
Archimedes Q. Porter,Nigel Hawthorne,Tarzan
Terk,Rosie O'Donnell,Tarzan
Tarzan,Tony Goldwyn,Tarzan
Tantor,Wayne Knight,Tarzan
Angus MacBadger,Campbell Grant,The Adventures of Ichabod and Mr. Toad
Ratty,Claud Allister,The Adventures of Ichabod and Mr. Toad
Moley,Colin Campbell,The Adventures of Ichabod and Mr. Toad
J. Thaddeus Toad,Eric Blore,The Adventures of Ichabod and Mr. Toad
Cyril Proudbottom,J. Pat O'Malley,The Adventures of Ichabod and Mr. Toad
Winkie the Barman,Oliver Wallace,The Adventures of Ichabod and Mr. Toad
Ichabod Crane,Pinto Colvig,The Adventures of Ichabod and Mr. Toad
Uncle Waldo,Bill Thompson,The Aristocats
Amelia Gabble,Carole Shelley,The Aristocats
Georges Hautecourt,Charles Lane,The Aristocats
Berlioz,Dean Clark,The Aristocats
Duchess,Eva Gabor,The Aristocats
Toulouse,Gary Dubin,The Aristocats
Lafayette the Basset Hound,George Lindsey,The Aristocats
Madame Adelaide Bonfamille,Hermione Baddeley,The Aristocats
Marie,Liz English,The Aristocats
Hit Cat the English Cat,Lord Tim Hudson,The Aristocats
Abigail Gabble,Monica Evans,The Aristocats
Frou-Frou,Nancy Kulp,The Aristocats
Napoleon the Bloodhound,Pat Buttram,The Aristocats
Shun Gon the Chinese Cat,Paul Winchell,The Aristocats
Thomas O'Malley,Phil Harris,The Aristocats
Edgar Balthazar the Butler,Roddy Maude-Roxby,The Aristocats
Scat Cat,Scatman Crothers,The Aristocats
Roquefort the Mouse,Sterling Holloway,The Aristocats
Billy Boss,Thurl Ravenscroft,The Aristocats
Peppo the Italian Cat,Vito Scotti,The Aristocats
Orwen,Adele Malis-Morey,The Black Cauldron
King Eiddileg,Arthur Malet,The Black Cauldron
Orgoch,Billie Hayes,The Black Cauldron
Orddu,Eda Reiss Merin,The Black Cauldron
Dallben,Freddie Jones,The Black Cauldron
Taran,Grant Bardsley,The Black Cauldron
Doli,John Byner,The Black Cauldron
Gurgi,John Byner,The Black Cauldron
The Horned King,John Hurt,The Black Cauldron
Fflewddur Fflam,Nigel Hawthorne,The Black Cauldron
Creeper,Phil Fondacaro,The Black Cauldron
Princess Eilonwy,Susan Sheridan,The Black Cauldron
Bucky the Squirrel,Bob Bergen,The Emperor's New Groove
Kuzco,David Spade,The Emperor's New Groove
Yzma,Eartha Kitt,The Emperor's New Groove
Tipo,Eli Russell Linnetz,The Emperor's New Groove
Pacha,John Goodman,The Emperor's New Groove
Chaca,Kellyann Kelso,The Emperor's New Groove
Kronk Pepikrankenitz,Patrick Warburton,The Emperor's New Groove
Chicha,Wendie Malick,The Emperor's New Groove
Copper,Kurt Russell,The Fox and the Hound
Amos Slade,Jack Albertson,The Fox and the Hound
Widow Tweed,Jeanette Nolan,The Fox and the Hound
Tod,Mickey Rooney,The Fox and the Hound
Chief,Pat Buttram,The Fox and the Hound
Boomer,Paul Winchell,The Fox and the Hound
Big Mama,Pearl Bailey,The Fox and the Hound
Dinky,Richard Bakalyan,The Fox and the Hound
Vixey,Sandy Duncan,The Fox and the Hound
Nash,A.J. Buckley,The Good Dinosaur
Ramsey,Anna Paquin,The Good Dinosaur
Spot,Jack Bright,The Good Dinosaur
Arlo,Raymond Ochoa,The Good Dinosaur
Butch,Sam Elliott,The Good Dinosaur
Thunderclap,Steve Zahn,The Good Dinosaur
Hiram Flaversham,Alan Young,The Great Mouse Detective
Bartholomew,Barrie Ingham,The Great Mouse Detective
Basil of Baker Street,Barrie Ingham,The Great Mouse Detective
Fidget,Candy Candido,The Great Mouse Detective
Mrs. Judson,Diana Chesney,The Great Mouse Detective
Queen Mousetoria,Eve Brenner,The Great Mouse Detective
Felicia the Cat,Frank Welker,The Great Mouse Detective
Toby the Dog,Frank Welker,The Great Mouse Detective
Miss Kitty,Melissa Manchester,The Great Mouse Detective
Lady Mouse,Shani Wallis,The Great Mouse Detective
Olivia Flaversham,Susanne Pollatschek,The Great Mouse Detective
Dr. David Q. Dawson,Val Bettin,The Great Mouse Detective
Professor Ratigan,Vincent Price,The Great Mouse Detective
Victor,Charles Kimbrough,The Hunchback of Notre Dame
The Archdeacon,David Ogden Stiers,The Hunchback of Notre Dame
Esmeralda,Demi Moore,The Hunchback of Notre Dame
Hugo,Jason Alexander,The Hunchback of Notre Dame
Captain Phoebus,Kevin Kline,The Hunchback of Notre Dame
Laverne,Mary Wickes,The Hunchback of Notre Dame
Clopin Trouillefou,Paul Kandel,The Hunchback of Notre Dame
Quasimodo,Tom Hulce,The Hunchback of Notre Dame
Judge Claude Frollo,Tony Jay,The Hunchback of Notre Dame
Bob Parr/Mr Incredible,Craig T. Nelson,The Incredibles
Helen Parr/Elastigirl,Holly Hunter,The Incredibles
Buddy Pine/Syndrome,Jason Lee,The Incredibles
Lucius Best/Frozone,Samuel L. Jackson,The Incredibles
Violet Parr,Sarah Vowell,The Incredibles
Dash Parr,Spencer Fox,The Incredibles
Father Wolf,Ben Wright,The Jungle Book
Mowgli,Bruce Reitherman,The Jungle Book
Flaps the Vulture,Chad Stuart,The Jungle Book
Junior,Clint Howard,The Jungle Book
Shanti (The Girl),Darleen Carr,The Jungle Book
Ziggy the Vulture,Digby Wolfe,The Jungle Book
Shere Khan,George Sanders,The Jungle Book
Buzzie the Vulture,J. Pat O'Malley,The Jungle Book
Colonel Hathi,J. Pat O'Malley,The Jungle Book
Akela,John Abbott,The Jungle Book
Flunkey the Baboon,Leo De Lyon,The Jungle Book
Dizzie the Vulture,Lord Tim Hudson,The Jungle Book
King Louie,Louis Prima,The Jungle Book
Baloo Bear,Phil Harris,The Jungle Book
Bagheera,Sebastian Cabot,The Jungle Book
Kaa,Sterling Holloway,The Jungle Book
Winifred the Elephant,Verna Felton,The Jungle Book
Banzai,Cheech Marin,The Lion King
Pumbaa,Ernie Sabella,The Lion King
Mufasa,James Earl Jones,The Lion King
Scar,Jeremy Irons,The Lion King
Ed,Jim Cummings,The Lion King
Simba,Jonathan Taylor Thomas,The Lion King
Sarabi,Madge Sinclair,The Lion King
Simba,Matthew Broderick,The Lion King
Nala,Moira Kelly,The Lion King
Timon,Nathan Lane,The Lion King
Rafiki,Robert Guillaume,The Lion King
Zazu,Rowan Atkinson,The Lion King
Shenzi,Whoopi Goldberg,The Lion King
Sarafina,Zoe Leader,The Lion King
Grimsby,Ben Wright,The Little Mermaid
Scuttle,Buddy Hackett,The Little Mermaid
Prince Eric,Christopher Daniel Barnes,The Little Mermaid
Carlotta the Maid,Edie McClurg,The Little Mermaid
Max the Sheepdog,Frank Welker,The Little Mermaid
Aquata,Caroline Vasicek,The Little Mermaid
Flounder,Jason Marin,The Little Mermaid
Ariel,Jodi Benson,The Little Mermaid
Attina,Caroline Vasicek,The Little Mermaid
King Triton,Kenneth Mars,The Little Mermaid
Alana,Kimmy Robertson,The Little Mermaid
Arista,Kimmy Robertson,The Little Mermaid
Flotsam and Jetsam,Paddi Edwards,The Little Mermaid
Ursula,Pat Carroll,The Little Mermaid
Chef Louis,Rene Auberjonois,The Little Mermaid
Sebastian,Samuel E. Wright,The Little Mermaid
Adella,Sherry Lynn,The Little Mermaid
Andrina,Tara Strong,The Little Mermaid
Harold the Seahorse,Will Ryan,The Little Mermaid
Tiana,Anika Noni Rose,The Princess and the Frog
Prince Naveen,Bruno Campos,The Princess and the Frog
Harvey Fenner,Corey Burton,The Princess and the Frog
Marlon the Alligator,Emeril Lagasse,The Princess and the Frog
Mama Odie,Jenifer Lewis,The Princess and the Frog
Charlotte La Bouff,Jennifer Cody,The Princess and the Frog
Henry Fenner,Jerry Kernion,The Princess and the Frog
Ray the Firefly,Jim Cummings,The Princess and the Frog
"Eli ""Big Daddy"" La Bouff",John Goodman,The Princess and the Frog
Dr. Facilier,Keith David,The Princess and the Frog
Ian the Alligator,Kevin Michael Richardson,The Princess and the Frog
Buford the Cook,Michael Colyar,The Princess and the Frog
Louis the Alligator,Michael-Leon Wooley,The Princess and the Frog
Eudora,Oprah Winfrey,The Princess and the Frog
Two Fingers,Paul Briggs,The Princess and the Frog
Lawrence the Valet,Peter Bartlett,The Princess and the Frog
Cousin Randy,Randy Newman,The Princess and the Frog
Tobias the Reluctant Dragon,Barnett Parker,The Reluctant Dragon
Sir Giles,Claud Allister,The Reluctant Dragon
Chair Mouse,Bernard Fox,The Rescuers
Bernard,Bob Newheart,The Rescuers
Brutus and Nero,Candy Candido,The Rescuers
Digger the Mole,Dub Taylor,The Rescuers
Miss Bianca,Eva Gabor,The Rescuers
Madame Medusa,Geraldine Page,The Rescuers
Ellie Mae,Jeanette Nolan,The Rescuers
Orville,Jim Jordan,The Rescuers
Evinrude,Jimmy MacDonald,The Rescuers
Mr. Snoops,Joe Flynn,The Rescuers
Rufus,John McIntire,The Rescuers
Gramps,Larry Clemmons,The Rescuers
Penny,Michelle Stacy,The Rescuers
Luke,Pat Buttram,The Rescuers
Cody,Adam Ryen,The Rescuers Down Under
Doctor Mouse,Bernard Fox,The Rescuers Down Under
Faloo,Carla Meyer,The Rescuers Down Under
Krebbs,Douglas Seale,The Rescuers Down Under
Francois,Ed Gilbert,The Rescuers Down Under
Marahute,Frank Welker,The Rescuers Down Under
Percival C. McLeach,George C. Scott,The Rescuers Down Under
Wilbur,John Candy,The Rescuers Down Under
Red,Peter Firth,The Rescuers Down Under
Nurse Mouse,Russi Taylor,The Rescuers Down Under
Jake,Tristan Rogers,The Rescuers Down Under
Frank,Wayne Robson,The Rescuers Down Under
Sir Pellinore,Alan Napier,The Sword in the Stone
Archimedes,Junius Matthews,The Sword in the Stone
Merlin,Karl Swenson,The Sword in the Stone
Madam Mim,Martha Wentworth,The Sword in the Stone
Sir Kay,Norman Alden,The Sword in the Stone
Arthur/Wart,Richard Reitherman,The Sword in the Stone
Arthur/Wart,Rickie Sorensen,The Sword in the Stone
Arthur/Wart,Robert Reitherman,The Sword in the Stone
Sir Ector,Sebastian Cabot,The Sword in the Stone
Black Bart,Thurl Ravenscroft,The Sword in the Stone
Panchito Pistoles,Joaquin Garay,The Three Caballeros
Aracuan Bird,Pinto Colvig,The Three Caballeros
Donald Duck,Clarence Nash,The Three Caballeros
Jose Oliveira,Jose Carioca,The Three Caballeros
Yaya,Aurora Miranda,The Three Caballeros
Mr Potato Head,Don Rickles,Toy Story
Slinky Dog,Jim Varney,Toy Story
Wallace Shawn,Rex,Toy Story
Buzz Lightyear,Tim Allen,Toy Story
Woody,Tom Hanks,Toy Story
Mr Potato Head,Don Rickles,Toy Story 2
Jessie,Joan Cusak,Toy Story 2
Stinky Pete the Prospector,Kelsey Grammer,Toy Story 2
Buzz Lightyear,Tim Allen,Toy Story 2
Woody,Tom Hanks,Toy Story 2
Mr Potato Head,Don Rickles,Toy Story 3
Jessie,Joan Cusak,Toy Story 3
Lotso,Ned Beatty,Toy Story 3
Buzz Lightyear,Tim Allen,Toy Story 3
Woody,Tom Hanks,Toy Story 3
John Silver,Brian Murray,Treasure Planet
Onus,Corey Burton,Treasure Planet
Morph,Dane A. Davis,Treasure Planet
Dr. Doppler,David Hyde Pierce,Treasure Planet
Captain Amelia,Emma Thompson,Treasure Planet
Jim Hawkins,Joseph Gordon-Levitt,Treasure Planet
Sarah Hawkins,Laurie Metcalf,Treasure Planet
B.E.N.,Martin Short,Treasure Planet
Scroop,Michael Wincott,Treasure Planet
Hands,Micheal McShane,Treasure Planet
Billy Bones,Patrick McGoohan,Treasure Planet
Mr. Arrow,Roscoe Lee Browne,Treasure Planet
Dug,Bob Peterson,Up
Charles F. Muntz,Christopher Plummer,Up
Carl Fredricksen,Ed Asner,Up
Russell,Jordan Nagai,Up
Kevin,Pete Docter,Up
WALL-E,Ben Burtt,WALL-E
EVE,Elissa Knight,WALL-E
Captain B. McCrea,Jeff Garlin,WALL-E
Wynchel,Adam Carolla,Wreck-It Ralph
King Candy/Turbo,Alan Tudyk,Wreck-It Ralph
Crumbelina DiCaramello,Cymbre Walk,Wreck-It Ralph
General Hologram,Dennis Haysbert,Wreck-It Ralph
Mr. Litwak,Ed O'Neill,Wreck-It Ralph
Duncan,Horatio Sanz,Wreck-It Ralph
Fix-It Felix Jr.,Jack McBrayer,Wreck-It Ralph
Rancis Fluggerbutter,Jamie Elman,Wreck-It Ralph
Sergeant Calhoun,Jane Lynch,Wreck-It Ralph
Markowski,Joe Lo Truglio,Wreck-It Ralph
Wreck-It Ralph,John C. Reilly,Wreck-It Ralph
Jubileena Bing-Bing,Josie Trinidad,Wreck-It Ralph
Candlehead,Katie Lowes,Wreck-It Ralph
Taffyta Muttonfudge,Mindy Kaling,Wreck-It Ralph
Sour Bill,Rich Moore,Wreck-It Ralph
Vanellope von Schweetz,Sarah Silverman,Wreck-It Ralph
Duke Weaselton,Alan Tudyk,Zootopia
Bonnie Hopps,Bonnie Hunt,Zootopia
Bucky Oryx-Antlerson,Byron Howard,Zootopia
Stu Hopps,Don Lake,Zootopia
Judy Hopps,Ginnifer Goodwin,Zootopia
Chief Bogo,Idris Elba,Zootopia
Mayor Lionheart,J.K. Simmons,Zootopia
Pronk Oryx-Antlerson,Jared Bush,Zootopia
"Nicholas ""Nick"" P. Wilde",Jason Bateman,Zootopia
Assistant Mayor Dawn Bellwether,Jenny Slate,Zootopia
Jerry Jumbeaux Jr.,John DiMaggio,Zootopia
Jesse the Ram,John DiMaggio,Zootopia
Woolter the Ram,John DiMaggio,Zootopia
Mr. Big,Maurice LaMarche,Zootopia
Benjamin Clawhauser,Nate Torrence,Zootopia
Mrs. Otterton,Octavia Spencer,Zootopia
Flash Slothmore,Raymond S. Persi,Zootopia
Doug Ramses,Rich Moore,Zootopia
Gazelle,Shakira,Zootopia
Finnick,"Tommy ""Tiny"" Lister Jr.",Zootopia
Yax,Tommy Chong,Zootopia
Narrator,Sterling Holloway,Make Mine Music
Tetti-Tatti,Nelson Eddy,Make Mine Music
Donald Duck,Clarence Nash,Saludos Amigos
Jose Carioca,Jose Oliveira,Saludos Amigos
Goofy Goof,Pinto Colvig,Saludos Amigos
Mickey Mouse,Walt Disney,Fun and Fancy Free
Donald Duck,Clarence Nash,Fun and Fancy Free
Goofy Goof,Pinto Colvig,Fun and Fancy Free
Jiminy Cricket,Cliff Edwards,Fun and Fancy Free
Willie the Giant,Billy Gilbert,Fun and Fancy Free
Singing Harp,Anita Gordon,Fun and Fancy Free
Johnny Appleseed,Dennis Day,Melody Time
Johnny Appleseed's Angel,Dallas McKennon,Melody Time
Aracuan Bird,Pinto Colvig,Melody Time
Winnie the Pooh,Sterling Holloway,The Many Adventures of Winnie the Pooh
Tigger,Paul Winchell,The Many Adventures of Winnie the Pooh
Rabbit,Junius Matthews,The Many Adventures of Winnie the Pooh
Piglet,John Fiedler,The Many Adventures of Winnie the Pooh
Kanga,Barbara Luddy,The Many Adventures of Winnie the Pooh
Roo,Clint Howard,The Many Adventures of Winnie the Pooh
Owl,Hal Smith,The Many Adventures of Winnie the Pooh
Gopher,Howard Morris,The Many Adventures of Winnie the Pooh
Eeyore,Ralph Wright,The Many Adventures of Winnie the Pooh
Christopher Robin,Bruce Reitherman,The Many Adventures of Winnie the Pooh
"Winnie the Pooh, Tigger",Jim Cummings,Winnie the Pooh
Eeyore,Bud Luckey,Winnie the Pooh
Owl,Craig Ferguson,Winnie the Pooh
Christopher Robin,Jack Boulter,Winnie the Pooh
Rabbit,Tom Kenny,Winnie the Pooh
Kanga,Kristen Anderson Lopez,Winnie the Pooh
Roo,Wyatt Dean Hall,Winnie the Pooh
Backson,Huell Howser,Winnie the Pooh
